doi	type	date	journal	issn	authors	title	funders	copyright
10.1016/j.actpsy.2015.05.014	journal-article	2015-07	Acta Psychologica	0001-6918	Tengfei Ma, Baoguo Chen, Chunming Lu, Susan Dunlap	Proficiency and sentence constraint effects on second language word learning	Open Fund of State Key Lab of Cognitive Neuroscience and Learning (CNLYB1309)	Copyright © 2015 Elsevier B.V. All rights reserved.
10.1016/j.agwat.2015.08.001	journal-article	2015-12	Agricultural Water Management	0378-3774	Jong-Hwan Park, Seong-Heon Kim, Ronald D. Delaune, Ju-Sik Cho, Jong-Soo Heo, Yong Sik Ok, Dong-Cheol Seo	Enhancement of nitrate removal in constructed wetlands utilizing a combined autotrophic and heterotrophic denitrification technology for treating hydroponic wastewater containing high nitrate and low organic carbon concentrations	Korea Government (2014R1A1A2007515)	Copyright © 2015 Elsevier B.V. All rights reserved.
10.1016/j.apgeog.2015.03.016	journal-article	2015-08	Applied Geography	0143-6228	Keumseok Koh, Sue C. Grady, Igor Vojnovic	Using simulated data to investigate the spatial patterns of obesity prevalence at the census tract level in metropolitan Detroit		Copyright © 2015 Elsevier Ltd. All rights reserved.
10.1016/j.apsusc.2015.05.178	journal-article	2015-10	Applied Surface Science	0169-4332	Jie Zhang, Qiuhang Chen, Wanlu Zhang, Shiliang Mei, Liangjie He, Jiatao Zhu, Guoping Chen, Ruiqian Guo	Microwave-assisted aqueous synthesis of transition metal ions doped ZnSe/ZnS core/shell quantum dots with tunable white-light emission	National Natural Science Foundation of China (61377046, 61144010, No. 61177021)	Copyright © 2015 Elsevier B.V. All rights reserved.
10.1016/j.bej.2015.04.006	journal-article	2015-08	Biochemical Engineering Journal	1369-703X	F. Scargiali, A. Busciglio, F. Grisafi, A. Brucato	Free surface oxygen transfer in large aspect ratio unbaffled bio-reactors, with or without draft-tube		Copyright © 2015 Elsevier B.V. All rights reserved.
10.1016/j.cattod.2014.03.074	journal-article	2015-05	Catalysis Today	0920-5861	Liyu Chen, Zhiqiang Gao, Yingwei Li	Immobilization of Pd(II) on MOFs as a highly active heterogeneous catalyst for Suzuki–Miyaura and Ullmann-type coupling reactions	National Stroke Foundation (21322606, 21073065, 20936001); Natural Science Foundation of Guangdong Province (10351064101000000, S2011020002397); Ministry of Education of China (20120172110012); Fundamental Research Funds for the Central Universities (2013ZG0001)	Copyright © 2014 Elsevier B.V. All rights reserved.
10.1016/j.enbuild.2015.09.037	journal-article	2015-12	Energy and Buildings	0378-7788	Aurora Monge-Barrio, Ana Sánchez-Ostiz	Energy efficiency and thermal behaviour of attached sunspaces, in the residential architecture in Spain. Summer Conditions		Copyright © 2015 Elsevier B.V. All rights reserved.
10.1016/j.engappai.2013.04.008	journal-article	2013-11	Engineering Applications of Artificial Intelligence	0952-1976	Xueying Zhang, Xiaofeng Liu, Zizhong John Wang	Evaluation of a set of new ORF kernel functions of SVM for speech recognition		Copyright © 2013 Elsevier Ltd. All rights reserved.
10.1016/j.eswa.2015.07.061	journal-article	2015-12	Expert Systems with Applications	0957-4174	Gökay Akkaya, Betül Turanoğlu, Sinan Öztaş	An integrated fuzzy AHP and fuzzy MOORA approach to the problem of industrial engineering sector choosing		Copyright © 2015 Elsevier Ltd. All rights reserved.
10.1016/j.ibiod.2015.02.019	journal-article	2015-09	International Biodeterioration & Biodegradation	0964-8305	Jiang Yin, Panyue Zhang, Fan Li, Gaopeng Li, Binghan Hai	Simultaneous biological nitrogen and phosphorus removal with a sequencing batch reactor–biofilm system	Major Science and Technology Program (2013ZX07202-010)	Copyright © 2015 Elsevier Ltd. All rights reserved.
10.1016/j.ijsolstr.2015.08.002	journal-article	2015-12	International Journal of Solids and Structures	0020-7683	Anurag Rajagopal, Dewey H. Hodges	Variational asymptotic analysis for plates of variable thickness		Copyright © 2015 Elsevier Ltd. All rights reserved.
10.1016/j.jallcom.2015.05.083	journal-article	2015-10	Journal of Alloys and Compounds	0925-8388	Oluwasesan Adegoke, Tebello Nyokong, Patricia B.C. Forbes	Structural and optical properties of alloyed quaternary CdSeTeS core and CdSeTeS/ZnS core–shell quantum dots	University of Pretoria; National Research Foundation of South Africa (93394, 92584, 90720); Wirsam Scientific	Copyright © 2015 Elsevier B.V. All rights reserved.
10.1016/j.jbankfin.2015.01.013	journal-article	2015-06	Journal of Banking & Finance	0378-4266	Nicholas Sim, Hongtao Zhou	Oil prices, US stock return, and the dependence between their quantiles		Copyright © 2015 Elsevier B.V. All rights reserved.
10.1016/j.jcis.2007.03.070	journal-article	2007-08	Journal of Colloid and Interface Science	0021-9797	N. Finck, R. Drot, F. Mercier-Bion, E. Simoni, H. Catalette	Temperature effects on the surface acidity properties of zirconium diphosphate		
10.1016/j.jcis.2008.03.041	journal-article	2008-07	Journal of Colloid and Interface Science	0021-9797	M.G. Almazan-Torres, R. Drot, F. Mercier-Bion, H. Catalette, C. Den Auwer, E. Simoni	Surface complexation modeling of uranium(VI) sorbed onto zirconium oxophosphate versus temperature: Thermodynamic and structural approaches		
10.1016/j.jfluidstructs.2013.09.018	journal-article	2014-01	Journal of Fluids and Structures	0889-9746	Pezhman Mardanpour, Phillip W. Richards, Omid Nabipour, Dewey H. Hodges	Effect of multiple engine placement on aeroelastic trim and stability of flying wing aircraft		Copyright © 2013 Elsevier Ltd. All rights reserved.
10.1016/j.jfluidstructs.2013.09.020	journal-article	2014-01	Journal of Fluids and Structures	0889-9746	Pezhman Mardanpour, Dewey H. Hodges	Passive morphing of flying wing aircraft: Z-shaped configuration		Copyright © 2013 Elsevier Ltd. All rights reserved.
10.1016/j.jfluidstructs.2015.06.017	journal-article	2015-08	Journal of Fluids and Structures	0889-9746	Adel Shams, Maurizio Porfiri	Treatment of hydroelastic impact of flexible wedges	Office of Naval Research (N00014-10-1-0988)	Copyright © 2015 Elsevier Ltd. All rights reserved.
10.1016/j.jmbbm.2015.08.043	journal-article	2016-01	Journal of the Mechanical Behavior of Biomedical Materials	1751-6161	Chunmei Zhang, Liwei Wang, Tianliang Zhai, Xinchao Wang, Yi Dan, Lih-Sheng Turng	The surface grafting of graphene oxide with poly(ethylene glycol) as a reinforcement for poly(lactic acid) nanocomposite scaffolds for potential tissue engineering applications	China Scholarship Council; Wisconsin Institute for Discovery; University of Guizhou Province Engineering Research Center Project ([2012]023); Opening Project of State Key Laboratory of Polymer Materials Engineering (Sichuan University) (sklpme2015-4-35)	Copyright © 2015 Elsevier Ltd. All rights reserved.
10.1016/j.jmmm.2015.02.045	journal-article	2015-06	Journal of Magnetism and Magnetic Materials	0304-8853	O. Kizilaslan, G. Kirat, M.A. Aksan	Magnetic relaxation behavior in the Bi2Sr2Ca2Cu3−xMoxO10+δ system fabricated by glass-ceramic technique	Research Fund of Inonu University, Turkey (2013-46)	Copyright © 2015 Elsevier B.V. All rights reserved.
10.1016/j.jphotobiol.2015.05.018	journal-article	2015-08	Journal of Photochemistry and Photobiology B: Biology	1011-1344	Zhi Li, Fei-long Zhang, Li-li Pan, Xia-li Zhu, Zhen-zhong Zhang	Preparation and characterization of injectable Mitoxantrone poly (lactic acid)/fullerene implants for in vivo chemo-photodynamic therapy		Copyright © 2015 Elsevier B.V. All rights reserved.
10.1016/j.jpowsour.2013.09.100	journal-article	2014-04	Journal of Power Sources	0378-7753	Sebastian Molin, Ming Chen, Peter Vang Hendriksen	Oxidation study of coated Crofer 22 APU steel in dry oxygen	Energinet.dk	Copyright © 2013 Elsevier B.V. All rights reserved.
10.1016/j.jvlc.2014.08.002	journal-article	2014-10	Journal of Visual Languages & Computing	1045-926X	Emanuela Bauleo, Serena Carnevale, Tiziana Catarci, Stephen Kimani, Mariano Leva, Massimo Mecella	Design, realization and user evaluation of the SmartVortex Visual Query System for accessing data streams in industrial engineering applications		Copyright © 2014 Elsevier Ltd. All rights reserved.
10.1016/j.matdes.2014.08.042	journal-article	2015-01	Materials & Design (1980-2015)	0261-3069	David Peck, Prabhu Kandachar, Erik Tempelman	Critical materials from a product design perspective		Copyright © 2014 Elsevier Ltd. All rights reserved.
10.1016/j.measurement.2014.06.001	journal-article	2014-09	Measurement	0263-2241	Danial Jahed Armaghani, Mohsen Hajihassani, Behnam Yazdani Bejarbaneh, Aminaton Marto, Edy Tonnizam Mohamad	Indirect measure of shale shear strength parameters by means of rock index tests through an optimized artificial neural network	Kementerian Sains, Teknologi dan Inovasi (03-01-06-SF1185 (UTM 4S072)	Copyright © 2014 Elsevier Ltd. All rights reserved.
10.1016/j.memsci.2013.04.034	journal-article	2013-10	Journal of Membrane Science	0376-7388	A. Plaza, G. Merlet, A. Hasanoglu, M. Isaacs, J. Sanchez, J. Romero	Separation of butanol from ABE mixtures by sweep gas pervaporation using a supported gelled ionic liquid membrane: Analysis of transport phenomena and selectivity	Fondo Nacional de Desarrollo Científico y Tecnológico (1100305); ECOS-CONICYT (C10E05); CILIS (ICM-P10-003-F)	Copyright © 2013 Elsevier B.V.
10.1016/j.nut.2013.09.007	journal-article	2014-04	Nutrition	0899-9007	Elnaz Vaghef-Mehrabany, Beitullah Alipour, Aziz Homayouni-Rad, Sakineh-Khatoon Sharif, Mohammad Asghari-Jafarabadi, Sema Zavvari	Probiotic supplementation improves inflammatory status in patients with rheumatoid arthritis		
10.1016/j.oceaneng.2013.11.021	journal-article	2014-01	Ocean Engineering	0029-8018	H.B. Gu, L. Qian, D.M. Causon, C.G. Mingham, P. Lin	Numerical simulation of water impact of solid bodies with vertical and oblique entries		Crown copyright © 2013 Published by Elsevier Ltd. All rights reserved.
10.1016/j.optmat.2015.05.024	journal-article	2015-08	Optical Materials	0925-3467	Oluwasesan Adegoke, Tebello Nyokong, Patricia B.C. Forbes	Optical properties of water-soluble l-cysteine-capped alloyed CdSeS quantum dot passivated with ZnSeTe and ZnSeTe/ZnS shells	National Research Foundation of South Africa (92584, 90720 and 93394)	Copyright © 2015 Elsevier B.V. All rights reserved.
10.1016/j.pep.2007.12.005	journal-article	2008-04	Protein Expression and Purification	1046-5928	Ji-Ping Guo, Ying Ma	High-level expression, purification and characterization of recombinant Aspergillus oryzae alkaline protease in Pichia pastoris		
10.1016/j.poly.2013.11.038	journal-article	2014-02	Polyhedron	0277-5387	Mojtaba Bagherzadeh, Fatemeh Ashouri, Marijana Đaković	Synthesis, structural characterization and application of a 2D coordination polymer of Mn-terephthalate as a heterogeneous catalyst for olefin oxidation		Copyright © 2013 Elsevier Ltd. All rights reserved.
10.1016/j.powtec.2013.04.029	journal-article	2013-09	Powder Technology	0032-5910	C.R. Cardoso, T.J.P. Oliveira, J.A. Santana Junior, C.H. Ataíde	Physical characterization of sweet sorghum bagasse, tobacco residue, soy hull and fiber sorghum bagasse particles: Density, particle size and shape distributions	CAPES (Coordenação de Aperfeiçoamento de Pessoal de Nível Superior); CEMIG (Companhia Energética de Minas Gerais); CNPq (Conselho Nacional de Desenvolvimento Científico e Tecnológico); FAPEMIG (Fundação de Amparo à Pesquisa do Estado de Minas Gerais)	Copyright © 2013 Elsevier B.V. All rights reserved.
10.1016/j.powtec.2013.11.035	journal-article	2014-02	Powder Technology	0032-5910	Markku Nikku, Payman Jalali, Jouni Ritvanen, Timo Hyppänen	Characterization method of average gas–solid drag for regular and irregular particle groups		Copyright © 2013 Elsevier B.V. All rights reserved.
10.1016/j.synthmet.2015.04.015	journal-article	2015-07	Synthetic Metals	0379-6779	David O. Oluwole, Jonathan Britton, Philani Mashazi, Tebello Nyokong	Synthesis and photophysical properties of nanocomposites of aluminum tetrasulfonated phthalocyanine covalently linked to glutathione capped CdTe/CdS/ZnS quantum dots		Copyright © 2015 Elsevier B.V. All rights reserved.
10.1016/j.tetlet.2013.04.043	journal-article	2013-06	Tetrahedron Letters	0040-4039	Grant A.L. Bare, John C. Sherman	Multiple phosphate-linked nucleotide couplings via 5′ silyl ether protection in the phosphite triester and phosphoramidite approaches		
10.1016/j.tsf.2015.07.023	journal-article	2015-09	Thin Solid Films	0040-6090	A. Kruk, A. Adamczyk, A. Gil, S. Kąc, J. Dąbek, M. Ziąbka, T. Brylewski	Effect of Co deposition on oxidation behavior and electrical properties of ferritic steel for solid oxide fuel cell interconnects		Copyright © 2015 Elsevier B.V. All rights reserved.
10.1016/j.watres.2015.05.010	journal-article	2015-09	Water Research	0043-1354	Bruno L. Nogueira, Julio Pérez, Mark C.M. van Loosdrecht, Argimiro R. Secchi, Márcia Dezotti, Evaristo C. Biscaia	Determination of the external mass transfer coefficient and influence of mixing intensity in moving bed biofilm reactors for wastewater treatment	Conselho Nacional de Desenvolvimento Científico e Tecnológico (245253/2012-2, 140595/2012-0, 302893/2013-0); Coordenação de Aperfeiçoamento de Pessoal de Nível Superior	Copyright © 2015 Elsevier Ltd. All rights reserved.
10.1016/j.ympev.2015.07.026	journal-article	2016-01	Molecular Phylogenetics and Evolution	1055-7903	Jeffrey M. DaCosta, Michael D. Sorenson	ddRAD-seq phylogenetics based on nucleotide, indel, and presence–absence polymorphisms: Analyses of two avian genera with contrasting histories	National Science Foundation (DEB 0640759, DEB 1011517)	Copyright © 2015 Elsevier Inc. All rights reserved.
10.1016/j.urolonc.2015.02.009	journal-article	2015-06	Urologic Oncology: Seminars and Original Investigations	1078-1439	Shalini S. Yadav, Jinyi Li, Hugh J. Lavery, Kamlesh K. Yadav, Ashutosh K. Tewari	Next-generation sequencing technology in prostate cancer diagnosis, prognosis, and personalized treatment		Copyright © 2015 Elsevier Inc. All rights reserved.
10.1016/j.ijpharm.2014.12.057	journal-article	2015-02	International Journal of Pharmaceutics	0378-5173	Maria Antonietta De Luca, Francesco Lai, Francesco Corrias, Pierluigi Caboni, Zisis Bimpisidis, Elias Maccioni, Anna Maria Fadda, Gaetano Di Chiara	Lactoferrin- and antitransferrin-modified liposomes for brain targeting of the NK3 receptor agonist senktide: Preparation and in vivo evaluation	Regione Autonoma della Sardegna (PRR-MAB-A2011-18833)	Copyright © 2014 Elsevier B.V. All rights reserved.
10.1016/j.cellsig.2015.10.015	journal-article	2016-01	Cellular Signalling	0898-6568	Shruti Chowdhari, Neeru Saini	Gene expression profiling reveals the role of RIG1 like receptor signaling in p53 dependent apoptosis induced by PUVA in keratinocytes	Council of Scientific and Industrial Research (BSC0302)	Copyright © 2015 Elsevier Inc. All rights reserved.
10.1016/j.clgc.2013.07.004	journal-article	2014-02	Clinical Genitourinary Cancer	1558-7673	Bernard Escudier, Daniel Y.C. Heng, Arthur Smyth-Medina, Camillo Porta	Considerations for the Design of Future Clinical Trials in Metastatic Renal Cell Carcinoma		
10.1016/j.finel.2015.07.001	journal-article	2015-11	Finite Elements in Analysis and Design	0168-874X	Luis Saucedo-Mora, Thomas James Marrow	Method for the explicit insertion of microstructure in Cellular Automata Finite Element (CAFE) models based on an irregular tetrahedral Finite Element mesh: Application in a multi-scale Finite Element Microstructure MEshfree framework (FEMME)	Engineering and Physical Sciences Research Council (EP/J019992/1)	Copyright © 2015 Elsevier B.V. All rights reserved.
10.1016/j.ibusrev.2014.11.006	journal-article	2015-08	International Business Review	0969-5931	Shengce Ren, Andreas B. Eisingerich, Huei-Ting Tsai	How do marketing, research and development capabilities, and degree of internationalization synergistically affect the innovation performance of small and medium-sized enterprises (SMEs)? A panel data study of Chinese SMEs	National Natural Science Foundation of China (70902074); Social and Humanity Foundation of Ministry of Education of China (09YJC790185)	Copyright © 2014 Elsevier Ltd. All rights reserved.
10.1016/j.cca.2013.09.017	journal-article	2014-01	Clinica Chimica Acta	0009-8981	Philippe Joly, Philippe Lacan, Colette Chapuis-Cellier, Caroline Garcia, Martine Bererd, Alain Francina	Molecular characterization of 7 new alpha-1 anti-trypsin (A1AT) variants including two with an associated deficient phenotype		Copyright © 2013 Elsevier B.V. All rights reserved.
10.1016/j.adiac.2013.03.007	journal-article	2013-06	Advances in Accounting	0882-6110	Theresa J. Presley, Lawrence J. Abbott	AIA submission: CEO overconfidence and the incidence of financial restatement		Copyright © 2013 Elsevier Ltd. All rights reserved.
10.1016/j.ab.2015.09.020	journal-article	2016-05	Analytical Biochemistry	0003-2697	Xue Gong, Min Zhu, Guanghui Li, Xiaoling Lu, Yakun Wan	Specific determination of influenza H7N2 virus based on biotinylated single-domain antibody from a phage-displayed library	Program for New Century Excellent Talents in University (NCET-20130127); National Natural Science Foundation of China (31271365); Jiangsu Nanobody Engineering and Research Center of China; Programs for Chang Jiang Scholars and Innovative Research Team in University (31471216, IRT1119)	Copyright © 2015 Elsevier Inc. All rights reserved.
10.1016/j.acha.2014.06.006	journal-article	2015-05	Applied and Computational Harmonic Analysis	1063-5203	C.K. Chui, F. Filbir, H.N. Mhaskar	Representation of functions on big data: Graphs and trees		Copyright © 2014 Elsevier Inc. All rights reserved.
10.1016/j.ins.2015.03.027	journal-article	2015-10	Information Sciences	0020-0255	Dawei Sun, Guangyan Zhang, Songlin Yang, Weimin Zheng, Samee U. Khan, Keqin Li	Re-Stream: Real-time and energy-efficient resource scheduling in big data stream computing environments	National Natural Science Foundation of China (61170008, 61272055); China Postdoctoral Science Foundation (2014M560976); National Science Foundation (1229316); National Fundamental Research Program of China (2014CB340402)	Copyright © 2015 Elsevier Inc. All rights reserved.
10.1016/j.ins.2015.02.033	journal-article	2015-10	Information Sciences	0020-0255	Shuquan Hou, Xinyi Huang, Joseph K. Liu, Jin Li, Li Xu	Universal designated verifier transitive signatures for graph-based big data	National Natural Science Foundation of China (61472083, U1405255, 61472091, 61402110); Fok Ying Tong Education Foundation (141065); Department of Education, Fujian Province (JA12076); ISN Research Fund (ISN15-02, ISN15-03); Ph.D. Programs Foundation of Ministry of Education of China (20123503120001); Scientific Research Foundation for the Returned Overseas Chinese Scholars, Ministry of Education of China (JA14067); Distinguished Young Scholars Fund of Department of Education, Fujian Province, China (JA13062); Fujian Normal University Innovative Research Team (IRTL1207); Natural Science Foundation of Guangdong Province (S2013010013671)	Copyright © 2015 Elsevier Inc. All rights reserved.
10.1016/j.ijpe.2014.12.034	journal-article	2015-07	International Journal of Production Economics	0925-5273	Kim Hua Tan, YuanZhu Zhan, Guojun Ji, Fei Ye, Chingter Chang	Harvesting big data to enhance supply chain innovation capabilities: An analytic infrastructure based on deduction graph	Nottingham University Business School Spark Fund	Copyright © 2015 Elsevier B.V. All rights reserved.
10.1016/j.scriptamat.2015.10.011	journal-article	2016-03	Scripta Materialia	1359-6462	Diego Alducin, Raul Borja, Eduardo Ortega, J. Jesus Velazquez-Salazar, Mario Covarrubias, Fernando Mendoza Santoyo, Lourdes Bazán-Díaz, John Eder Sanchez, Nayely Torres, Arturo Ponce, Miguel José-Yacamán	In situ transmission electron microscopy mechanical deformation and fracture of a silver nanowire	Welch Foundation (AX-1615); U.S. Department of Defense (64756-RT-REP); National Institute on Minority Health and Health Disparities (G12MD007591); Consejo Nacional de Ciencia y Tecnología (250836); International Center for Nanotechnology and Advanced Materials (ICNAM)	Copyright © 2015 Elsevier Ltd. All rights reserved.
10.1016/j.epsl.2015.04.002	journal-article	2015-07	Earth and Planetary Science Letters	0012-821X	Dale H. Burns, Shanaka L. de Silva, Frank Tepley, Axel K. Schmitt, Matthew W. Loewen	Recording the transition from flare-up to steady-state arc magmatism at the Purico–Chascon volcanic complex, northern Chile	Oregon State University; National Science Foundation (EAR 0908324, EAR 0838536); Geological Society of America (9767-12)	Copyright © 2015 Elsevier B.V. All rights reserved.
10.1016/j.jvb.2015.03.003	journal-article	2015-06	Journal of Vocational Behavior	0001-8791	Thomas W.H. Ng	The incremental validity of organizational commitment, organizational trust, and organizational identification		Copyright © 2015 Elsevier Inc. All rights reserved.
10.1016/j.wear.2015.11.004	journal-article	2016-01	Wear	0043-1648	Piyush Chandra Verma, Rodica Ciudin, Andrea Bonfanti, Pranesh Aswath, Giovanni Straffelini, Stefano Gialanella	Role of the friction layer in the high-temperature pin-on-disc study of a brake material	Seventh Framework Programme (324385)	Copyright © 2015 Elsevier B.V. All rights reserved.
10.1016/j.bej.2015.10.027	journal-article	2016-02	Biochemical Engineering Journal	1369-703X	Miao Zhang, Yongzhen Peng, Cong Wang, Chuanxin Wang, Weihua Zhao, Wei Zeng	Optimization denitrifying phosphorus removal at different hydraulic retention times in a novel anaerobic anoxic oxic-biological contact oxidation process	National High Technology Research and Development Program (863 Program) of China (2012AA063406)	Copyright © 2015 Elsevier B.V. All rights reserved.
10.1016/j.engfailanal.2015.10.002	journal-article	2016-03	Engineering Failure Analysis	1350-6307	J.R. Laguna-Camacho, L.Y. Villagrán-Villegas, H. Martínez-García, G. Juárez-Morales, M.I. Cruz-Orduña, M. Vite-Torres, L. Ríos-Velasco, I. Hernández-Romero	A study of the wear damage on gas turbine blades		Copyright © 2015 Elsevier Inc. All rights reserved.
10.1016/j.biortech.2015.07.090	journal-article	2015-11	Bioresource Technology	0960-8524	Liang Zhang, Shujun Zhang, Yongzhen Peng, Xiaoyu Han, Yiping Gan	Nitrogen removal performance and microbial distribution in pilot- and full-scale integrated fixed-biofilm activated sludge reactors based on nitritation-anammox process	National Natural Science Foundation of China (51178007); State Key Laboratory of Urban Water Resource and Environment (QAK201502)	Copyright © 2015 Elsevier Ltd. All rights reserved.
10.1016/j.watres.2015.08.019	journal-article	2015-11	Water Research	0043-1354	Chunkai Huang, Yijing Shi, Mohamed Gamal El-Din, Yang Liu	Treatment of oil sands process-affected water (OSPW) using ozonation combined with integrated fixed-film activated sludge (IFAS)	Napier-Reid Ltd., Shell Canada Limited, Helmholtz-Alberta Initiative (HAI); Natural Sciences and Engineering Research Council of Canada (NSERC)	Copyright © 2015 Elsevier Ltd. All rights reserved.
10.1016/j.renene.2014.11.004	journal-article	2015-07	Renewable Energy	0960-1481	Olga Bitkina, Ki-Weon Kang, Jang-Ho Lee	Experimental and theoretical analysis of the stress–strain state of anisotropic multilayer composite panels for wind turbine blade	Korea Institute of Energy Technology Evaluation and Planning (KETEP) Ministry of Trade, Industry and Energy (20123021020010, 20124010203240)	Copyright © 2014 Elsevier Ltd. All rights reserved.
10.1016/j.ijheatfluidflow.2015.09.001	journal-article	2015-12	International Journal of Heat and Fluid Flow	0142-727X	Adam J. Jackson, Andrew P.S. Wheeler, Roger W. Ainsworth	An experimental and computational study of tip clearance effects on a transonic turbine stage	Rolls-Royce plc; Isle of Man Government	Copyright © 2015 Elsevier Inc. All rights reserved.
10.1016/j.jeurceramsoc.2014.05.016	journal-article	2014-12	Journal of the European Ceramic Society	0955-2219	P. Simas, M. Castillo-Rodríguez, M.L. Nó, S. De-Bernardi, D. Gómez-García, A. Domínguez-Rodríguez, J. San Juan	High temperature internal friction measurements of 3YTZP zirconia polycrystals. High temperature background and creep		Copyright © 2014 Elsevier Ltd. All rights reserved.
10.1016/j.triboint.2014.03.010	journal-article	2014-09	Tribology International	0301-679X	Sina Mobasher Moghaddam, John A.R. Bomidi, Farshid Sadeghi, Nick Weinzapfel, Alexander Liebel	Effects of compressive stresses on torsional fatigue		Published by Elsevier Ltd.
10.1016/j.triboint.2014.09.016	journal-article	2015-02	Tribology International	0301-679X	Yimin Zhao, Shihua Yuan, Jibin Hu, Chao Wei	Nonlinear dynamic analysis of rotary seal ring considering creep rotation	National Natural Science Foundation of China (51105031, 51175038)	Copyright © 2014 Elsevier Ltd. All rights reserved.
10.1016/j.apenergy.2014.12.055	journal-article	2015-03	Applied Energy	0306-2619	Giuseppe Bianchi, Roberto Cipollone	Theoretical modeling and experimental investigations for the improvement of the mechanical efficiency in sliding vane rotary compressors	European Commission	Copyright © 2015 Elsevier Ltd. All rights reserved.
10.1016/j.applthermaleng.2015.07.021	journal-article	2015-11	Applied Thermal Engineering	1359-4311	Limin Wang, Lei Deng, Chunli Tang, Qiang Fan, Changxia Wang, Defu Che	Thermal deformation prediction based on the temperature distribution of the rotor in rotary air-preheater		Copyright © 2015 Elsevier Ltd. All rights reserved.
10.1016/j.surg.2015.09.016	journal-article	2016-03	Surgery	0039-6060	Takeshi Namekawa, Takanobu Utsumi, Koji Kawamura, Naoto Kamiya, Takashi Imamoto, Tomoko Takiguchi, Naoko Hashimoto, Tomoaki Tanaka, Yukio Naya, Hiroyoshi Suzuki, Tomohiko Ichikawa	Clinical predictors of prolonged postresection hypotension after laparoscopic adrenalectomy for pheochromocytoma		
10.1016/j.respol.2014.12.008	journal-article	2015-07	Research Policy	0048-7333	Jakob Edler, Andrew D. James	Understanding the emergence of new science and technology policies: Policy entrepreneurship, agenda setting and the development of the European Framework Programme		Copyright © 2014 Elsevier B.V. All rights reserved.
10.1016/j.eurpolymj.2014.07.016	journal-article	2014-10	European Polymer Journal	0014-3057	A. Salazar, A. Rico, J. Rodríguez, J. Segurado Escudero, R. Seltzer, F. Martin de la Escalera Cutillas	Monotonic loading and fatigue response of a bio-based polyamide PA11 and a petrol-based polyamide PA12 manufactured by selective laser sintering	Centre for Industrial Technological Development; Ministerio de Economía y Competitividad (MAT2012-37762); National Consortium and Aernnova Engineering Solutions Ibérica S.A; AMOROUT Project FP7 Marie Curie Action – People COFUND Programme; Ministerio de Ciencia e Innovacion of Spain Subprograma Juan de la Cierva	Copyright © 2014 Elsevier Ltd. All rights reserved.
10.1016/j.eurpolymj.2014.08.004	journal-article	2014-10	European Polymer Journal	0014-3057	S. Berretta, O. Ghita, K.E. Evans	Morphology of polymeric powders in Laser Sintering (LS): From Polyamide to new PEEK powders		Copyright © 2014 Elsevier Ltd. All rights reserved.
10.1016/j.eurpolymj.2014.04.004	journal-article	2014-07	European Polymer Journal	0014-3057	Emiliano Bilotti, Emmanuel Duquesne, Hua Deng, Rui Zhang, Franck Quero, Savvas N. Georgiades, Hartmut R. Fischer, Philippe Dubois, Ton Peijs	In situ polymerised polyamide 6/sepiolite nanocomposites: Effect of different interphases		Copyright © 2014 Elsevier Ltd. All rights reserved.
10.1016/j.jprot.2015.05.035	journal-article	2015-08	Journal of Proteomics	1874-3919	Choo Hock Tan, Kae Yi Tan, Sin Ee Lim, Nget Hong Tan	Venomics of the beaked sea snake, Hydrophis schistosus: A minimalist toxin arsenal and its cross-neutralization by heterologous antivenoms	Ministry of Higher Education, Malaysia; Universiti Malaya (PG043-2013B, RG521-13HTM); UM High Impact Research Grant UM-MOE (UM.C/625/1/HIR/MOE/E00040-20001); Fundamental Research Grant (FP028-2014A)	Copyright © 2015 Elsevier B.V. All rights reserved.
10.1016/j.jaridenv.2014.04.010	journal-article	2015-01	Journal of Arid Environments	0140-1963	Nasser Ali Haidar, Eric Deitch	Snake bites in the Arabian Peninsula, a review article		Copyright © 2014 Elsevier Ltd. All rights reserved.
10.1016/j.toxicon.2014.08.063	journal-article	2014-11	Toxicon	0041-0101	Rouhullah Dehghani, Behrooz Fathi, Morteza Panjeh Shahi, Mehrdad Jazayeri	Ten years of snakebites in Iran		Copyright © 2014 Elsevier Ltd. All rights reserved.
10.1016/j.jembe.2015.07.011	journal-article	2015-12	Journal of Experimental Marine Biology and Ecology	0022-0981	Vinay Udyawer, Mark Read, Mark Hamann, Colin A. Simpfendorfer, Michelle R. Heupel	Effects of environmental variables on the movement and space use of coastal sea snakes over multiple temporal scales	James Cook University; National Environmental Research Program (Tropical Ecosystems Hub)	Copyright © 2015 Elsevier B.V. All rights reserved.
10.1016/j.nbd.2014.07.014	journal-article	2014-11	Neurobiology of Disease	0969-9961	Emiko Miura, Takafumi Hasegawa, Masatoshi Konno, Mari Suzuki, Naoto Sugeno, Nobuhiro Fujikake, Sven Geisler, Mitsuaki Tabuchi, Ryuji Oshima, Akio Kikuchi, Toru Baba, Keiji Wada, Yoshitaka Nagai, Atsushi Takeda, Masashi Aoki	VPS35 dysfunction impairs lysosomal degradation of α-synuclein and exacerbates neurotoxicity in a Drosophila model of Parkinson's disease	Ministry of Education, Culture, Sports, Science and Technology (24390219, 26461263, 24659423); Ministry of Health, Labor, and Welfare, Japan (24111502); National Center of Neurology and Psychiatry (NCNP), Japan (24-5)	Copyright © 2014 Elsevier Inc. All rights reserved.
10.1016/j.scitotenv.2014.07.071	journal-article	2014-10	Science of The Total Environment	0048-9697	Nesta Bortey-Sam, Yoshinori Ikenaka, Shouta M.M. Nakayama, Osei Akoto, Yared Beyene Yohannes, Elvis Baidoo, Hazuki Mizukawa, Mayumi Ishizuka	Occurrence, distribution, sources and toxic potential of polycyclic aromatic hydrocarbons (PAHs) in surface soils from the Kumasi Metropolis, Ghana		Copyright © 2014 Elsevier B.V. All rights reserved.
10.1016/j.yexcr.2015.07.003	journal-article	2015-10	Experimental Cell Research	0014-4827	Lívia A.S. Carmo, Felipe F. Dias, Kássia K. Malta, Kátia B. Amaral, Revital Shamri, Peter F. Weller, Rossana C.N. Melo	Expression and subcellular localization of the Qa-SNARE syntaxin17 in human eosinophils		Copyright © 2015 Elsevier Inc. All rights reserved.
10.1016/j.biortech.2014.12.072	journal-article	2015-03	Bioresource Technology	0960-8524	Jinjin Huang, Ji Xia, Wei Jiang, Ying Li, Jilun Li	Biodiesel production from microalgae oil catalyzed by a recombinant lipase	Chinese High Technology Research and Development Program (2013AA065802); Chinese Scientific and Technical Supporting Programs (2013BAD10B01); Undergraduate Innovation Program of China Agricultural University (J1103520)	Copyright © 2014 Elsevier Ltd. All rights reserved.
10.1016/j.nanoen.2015.02.024	journal-article	2015-04	Nano Energy	2211-2855	Huaping Zhao, Min Zhou, Liaoyong Wen, Yong Lei	Template-directed construction of nanostructure arrays for highly-efficient energy storage and conversion	European Research Council (240144); Bundesministerium für Bildung und Forschung (03Z1MN11); Volkswagen-Stiftung (I/83 984)	Copyright © 2015 Elsevier Ltd. All rights reserved.
10.1016/j.euroecorev.2015.08.004	journal-article	2015-11	European Economic Review	0014-2921	Suphi Sen	Corporate governance, environmental regulations, and technological change		Copyright © 2015 Elsevier B.V. All rights reserved.
10.1016/j.iref.2015.06.006	journal-article	2015-09	International Review of Economics & Finance	1059-0560	Chung-Hua Shen, Chih-Yung Lin, Yu-Chun Wang	Do strong corporate governance firms still require political connection, and vice versa?		Copyright © 2015 Elsevier Inc. All rights reserved.
10.1016/j.frl.2015.02.007	journal-article	2015-05	Finance Research Letters	1544-6123	Pornsit Jiraporn, Pattanaporn Chatjuthamard, Shenghui Tong, Young Sang Kim	Does corporate governance influence corporate risk-taking? Evidence from the Institutional Shareholders Services (ISS)		Copyright © 2015 Elsevier Inc. All rights reserved.
10.1016/j.bioelechem.2015.11.001	journal-article	2016-04	Bioelectrochemistry	1567-5394	Yong Yuan, Hyosul Shin, Chan Kang, Sunghyun Kim	Wiring microbial biofilms to the electrode by osmium redox polymer for the performance enhancement of microbial fuel cells	National Research Foundation of Korea (2013R1A2A2A05006503); Chonbuk National University	Copyright © 2015 Elsevier B.V. All rights reserved.
10.1016/j.cej.2015.08.100	journal-article	2016-01	Chemical Engineering Journal	1385-8947	A. Sotres, M. Cerrillo, M. Viñas, A. Bonmatí	Nitrogen removal in a two-chambered microbial fuel cell: Establishment of a nitrifying–denitrifying microbial community on an intermittent aerated cathode	Ministerio de Ciencia e Innovación	Copyright © 2015 Elsevier B.V. All rights reserved.
10.1016/j.econlet.2015.05.006	journal-article	2015-08	Economics Letters	0165-1765	Richard Povey	The welfare economics of infectious happiness		Copyright © 2015 Elsevier B.V. All rights reserved.
10.1016/j.jpowsour.2015.07.103	journal-article	2015-11	Journal of Power Sources	0378-7753	Fernanda Leite Lobo, Heming Wang, Casey Forrestal, Zhiyong Jason Ren	AC power generation from microbial fuel cells	Coordenação de Aperfeiçoamento de Pessoal de Nível Superior; Office of Naval Research	Copyright © 2015 Elsevier B.V. All rights reserved.
10.1016/j.aca.2015.07.019	journal-article	2015-09	Analytica Chimica Acta	0003-2670	Jaclyn A. Adkins, Charles S. Henry	Electrochemical detection in paper-based analytical devices using microwire electrodes		Copyright © 2015 Elsevier B.V. All rights reserved.
10.1016/j.advengsoft.2015.02.005	journal-article	2015-05	Advances in Engineering Software	0965-9978	Yuan-Sen Yang, Chung-Ming Yang, Chang-Wei Huang	Thin crack observation in a reinforced concrete bridge pier test using image processing and analysis	Ministry of Science and Technology, Taiwan; National Center for Research on Earthquake Engineering	Copyright © 2015 Elsevier Ltd. All rights reserved.
10.1016/j.agwat.2015.06.018	journal-article	2015-10	Agricultural Water Management	0378-3774	Xia Vivian Zhou, Christopher D. Clark, Sujithkumar Surendran Nair, Shawn A. Hawkins, Dayton M. Lambert	Environmental and economic analysis of using SWAT to simulate the effects of switchgrass production on water quality in an impaired watershed	United States Environmental Protection Agency (EM-83298901)	Copyright © 2015 Elsevier B.V. All rights reserved.
10.1016/j.amc.2015.04.116	journal-article	2015-08	Applied Mathematics and Computation	0096-3003	Jum-Ran Kang	Long-time behavior of a suspension bridge equations with past history	National Research Foundation of Korea; Ministry of Science ICT & Future Planning (2014R1A1A1003440)	Copyright © 2015 Elsevier Inc. All rights reserved.
10.1016/j.aml.2014.10.013	journal-article	2015-03	Applied Mathematics Letters	0893-9659	Chuan-Long Wang, Chao Li	A mean value algorithm for Toeplitz matrix completion		Copyright © 2014 Elsevier Ltd. All rights reserved.
10.1016/j.anucene.2014.04.033	journal-article	2014-09	Annals of Nuclear Energy	0306-4549	KwanSeong Jeong, ByungSeon Choi, JeiKwon Moon, DongJun Hyun, JongHwan Lee, IkJune Kim, GeunHo Kim, JaeSeok Seo	The scenario-based system of workers training to prevent accidents during decommissioning of nuclear facilities		Copyright © 2014 Elsevier Ltd. All rights reserved.
10.1016/j.apcatb.2014.03.025	journal-article	2014-09	Applied Catalysis B: Environmental	0926-3373	Tesnim Chaieb, Laurent Delannoy, Guylène Costentin, Catherine Louis, Sandra Casale, Ruth L. Chantry, Z.Y. Li, Cyril Thomas	Insights into the influence of the Ag loading on Al2O3 in the H2-assisted C3H6-SCR of NOx	Université Pierre et Marie Curie (322/2012); Engineering and Physical Sciences Research Council (EP/G070326/1)	Copyright © 2014 Elsevier B.V.
10.1016/j.apm.2014.06.022	journal-article	2015-01	Applied Mathematical Modelling	0307-904X	Gianni Arioli, Filippo Gazzola	A new mathematical explanation of what triggered the catastrophic torsional mode of the Tacoma Narrows Bridge		Copyright © 2014 Elsevier Inc. All rights reserved.
10.1016/j.apsusc.2014.09.133	journal-article	2014-11	Applied Surface Science	0169-4332	Małgorzata Wiśniewska, Stanisław Chibowski, Teresa Urban	Effect of the presence of cationic polyacrylamide on the surface properties of aqueous alumina suspension-stability mechanism	Polish National Center of Science (2012/07/B/ST4/00534)	Copyright © 2014 Elsevier B.V. All rights reserved.
10.1016/j.apsusc.2015.07.052	journal-article	2015-10	Applied Surface Science	0169-4332	Kun Li, Junyao Liu, Ting Lei, Tao Xiao	Optimization of process factors for self-healing vanadium-based conversion coating on AZ31 magnesium alloy		Copyright © 2015 Elsevier B.V. All rights reserved.
10.1016/j.autcon.2014.02.016	journal-article	2014-06	Automation in Construction	0926-5805	Hyojoo Son, Nahyae Hwang, Changmin Kim, Changwan Kim	Rapid and automated determination of rusted surface areas of a steel bridge for robotic maintenance systems		
10.1016/j.autcon.2014.06.005	journal-article	2014-10	Automation in Construction	0926-5805	Yi-Chu Chen, Chi-En Yang, Shih-Chung Kang	A lightweight bridge inspection system using a dual-cable suspension mechanism		Copyright © 2014 Elsevier B.V. All rights reserved.
10.1016/b978-0-12-411549-1.00016-8	book-chapter	2014	Emerging Markets and the Global Economy		Khaled Guesmi	Comovements and Volatility Spillovers Between Oil Prices and Stock Markets: Further Evidence for Oil-Exporting and Oil-Importing Countries		
